label,target,analysis_ms,bazel_cpu_ms,bazel_wall_ms,retained_heap_bazel,analysis_heap_bytes,targets_configured,actions_created,packages_loaded
wide-base-warm,//benchmarks/analysis:wide,2195,12162,4803,93MB,,11100,3382,203
wide-base-0,//benchmarks/analysis:wide,2146,6787,2450,98MB,,11100,3382,203
wide-deps-1,//benchmarks/analysis:wide,2244,6731,2949,96MB,,11100,3382,203
wide-deps-2,//benchmarks/analysis:wide,1844,6253,2231,96MB,,11100,3382,203
wide-base-3,//benchmarks/analysis:wide,1856,7051,2089,98MB,,11100,3382,203
wide-base-4,//benchmarks/analysis:wide,2375,6523,2693,98MB,,11100,3382,203
wide-deps-5,//benchmarks/analysis:wide,1654,5323,1902,95MB,,11100,3382,203
wide-deps-6,//benchmarks/analysis:wide,1424,4929,1680,96MB,,11100,3382,203
wide-base-7,//benchmarks/analysis:wide,1505,5674,1732,98MB,,11100,3382,203
wide-base-8,//benchmarks/analysis:wide,1803,5624,2016,98MB,,11100,3382,203
wide-deps-9,//benchmarks/analysis:wide,1621,4182,1835,96MB,,11100,3382,203
wide-deps-10,//benchmarks/analysis:wide,1560,4140,1767,96MB,,11100,3382,203
wide-base-11,//benchmarks/analysis:wide,1922,4928,2126,98MB,,11100,3382,203
layered-base-warm,//benchmarks/analysis:layered,1216,4768,1321,100MB,,9698,6377,203
layered-deps-warm,//benchmarks/analysis:layered,1379,3639,1521,97MB,,9698,6377,203
layered-base-2,//benchmarks/analysis:layered,1377,4199,1535,100MB,,9698,6377,203
layered-deps-3,//benchmarks/analysis:layered,1105,3287,1251,97MB,,9698,6377,203
layered-deps-4,//benchmarks/analysis:layered,1032,3033,1172,98MB,,9698,6377,203
layered-base-5,//benchmarks/analysis:layered,1088,3802,1209,100MB,,9698,6377,203
layered-base-6,//benchmarks/analysis:layered,1120,4208,1241,100MB,,9698,6377,203
layered-deps-7,//benchmarks/analysis:layered,1366,3415,1505,98MB,,9698,6377,203
layered-deps-8,//benchmarks/analysis:layered,1065,3170,1193,98MB,,9698,6377,203
layered-base-9,//benchmarks/analysis:layered,1142,4020,1286,100MB,,9698,6377,203
layered-base-10,//benchmarks/analysis:layered,1135,3926,1260,100MB,,9698,6377,203
layered-deps-11,//benchmarks/analysis:layered,1015,3207,1150,97MB,,9698,6377,203
layered-deps-12,//benchmarks/analysis:layered,1031,3139,1154,98MB,,9698,6377,203
layered-base-13,//benchmarks/analysis:layered,1183,4137,1306,100MB,,9698,6377,203
wide-deps-jwarm,//benchmarks/analysis:wide,895,2640,987,96MB,,11100,3382,203
wide-java-jwarm,//benchmarks/analysis:wide,1069,2820,1201,96MB,,11100,3382,203
wide-deps-j2,//benchmarks/analysis:wide,1045,2947,1177,96MB,,11100,3382,203
wide-java-j3,//benchmarks/analysis:wide,932,2603,1043,96MB,,11100,3382,203
wide-java-j4,//benchmarks/analysis:wide,918,2645,1026,96MB,,11100,3382,203
wide-deps-j5,//benchmarks/analysis:wide,1013,2739,1118,96MB,,11100,3382,203
wide-deps-j6,//benchmarks/analysis:wide,1185,3076,1319,96MB,,11100,3382,203
wide-java-j7,//benchmarks/analysis:wide,1078,2867,1251,96MB,,11100,3382,203
wide-java-j8,//benchmarks/analysis:wide,882,2519,988,96MB,,11100,3382,203
wide-deps-j9,//benchmarks/analysis:wide,990,2900,1100,96MB,,11100,3382,203
wide-deps-j10,//benchmarks/analysis:wide,1074,3225,1208,96MB,,11100,3382,203
wide-java-j11,//benchmarks/analysis:wide,1290,3170,1427,96MB,,11100,3382,203
wide-java-j12,//benchmarks/analysis:wide,1141,2799,1309,96MB,,11100,3382,203
wide-deps-j13,//benchmarks/analysis:wide,918,2618,1023,96MB,,11100,3382,203
layered-deps-jwarm,//benchmarks/analysis:layered,948,2816,1062,98MB,,9698,6377,203
layered-java-jwarm,//benchmarks/analysis:layered,964,2845,1078,98MB,,9698,6377,203
layered-deps-j2,//benchmarks/analysis:layered,963,2836,1077,97MB,,9698,6377,203
layered-java-j3,//benchmarks/analysis:layered,942,2775,1050,98MB,,9698,6377,203
layered-java-j4,//benchmarks/analysis:layered,908,2563,1013,98MB,,9698,6377,203
layered-deps-j5,//benchmarks/analysis:layered,974,3002,1101,98MB,,9698,6377,203
layered-deps-j6,//benchmarks/analysis:layered,1029,2914,1136,98MB,,9698,6377,203
layered-java-j7,//benchmarks/analysis:layered,944,2684,1054,98MB,,9698,6377,203
layered-java-j8,//benchmarks/analysis:layered,899,2618,1010,98MB,,9698,6377,203
layered-deps-j9,//benchmarks/analysis:layered,975,3012,1089,98MB,,9698,6377,203
layered-deps-j10,//benchmarks/analysis:layered,948,2736,1055,98MB,,9698,6377,203
layered-java-j11,//benchmarks/analysis:layered,896,2525,995,98MB,,9698,6377,203
layered-java-j12,//benchmarks/analysis:layered,922,2670,1029,98MB,,9698,6377,203
layered-deps-j13,//benchmarks/analysis:layered,946,2741,1058,98MB,,9698,6377,203
fanin-java-warm,//benchmarks/analysis:fanin,1497,6729,1671,104MB,,10799,1879,203
fanin-plugins-warm,//benchmarks/analysis:fanin,1602,6820,1829,104MB,,10799,1879,203
fanin-java-2,//benchmarks/analysis:fanin,1598,7048,1829,104MB,,10799,1879,203
fanin-plugins-3,//benchmarks/analysis:fanin,1434,6316,1672,104MB,,10799,1879,203
fanin-plugins-4,//benchmarks/analysis:fanin,1447,6129,1665,104MB,,10799,1879,203
fanin-java-5,//benchmarks/analysis:fanin,1457,6430,1670,104MB,,10799,1879,203
fanin-java-6,//benchmarks/analysis:fanin,1520,6445,1737,104MB,,10799,1879,203
fanin-plugins-7,//benchmarks/analysis:fanin,2043,7725,2293,104MB,,10799,1879,203
fanin-plugins-8,//benchmarks/analysis:fanin,1674,7167,1937,104MB,,10799,1879,203
fanin-java-9,//benchmarks/analysis:fanin,1402,6223,1603,104MB,,10799,1879,203
fanin-java-10,//benchmarks/analysis:fanin,1545,6706,1743,104MB,,10799,1879,203
fanin-plugins-11,//benchmarks/analysis:fanin,1373,5983,1571,104MB,,10799,1879,203
fanin-plugins-12,//benchmarks/analysis:fanin,1484,6885,1690,104MB,,10799,1879,203
fanin-java-13,//benchmarks/analysis:fanin,1469,6432,1685,104MB,,10799,1879,203
final-wide-memory,//benchmarks/analysis:wide,569,2576,822,97MB,98043672,11100,3382,203
layered-java-owarm,//benchmarks/analysis:layered,623,2148,741,103MB,,9698,6377,203
layered-options-owarm,//benchmarks/analysis:layered,544,1845,664,103MB,,9698,6377,203
layered-java-o2,//benchmarks/analysis:layered,562,1951,679,102MB,,9698,6377,203
layered-options-o3,//benchmarks/analysis:layered,558,1777,682,102MB,,9698,6377,203
layered-options-o4,//benchmarks/analysis:layered,565,1914,686,102MB,,9698,6377,203
layered-java-o5,//benchmarks/analysis:layered,570,1905,695,102MB,,9698,6377,203
layered-java-o6,//benchmarks/analysis:layered,582,2154,702,103MB,,9698,6377,203
layered-options-o7,//benchmarks/analysis:layered,552,1818,672,103MB,,9698,6377,203
layered-options-o8,//benchmarks/analysis:layered,558,1822,678,103MB,,9698,6377,203
layered-java-o9,//benchmarks/analysis:layered,562,1943,681,102MB,,9698,6377,203
layered-java-o10,//benchmarks/analysis:layered,579,1975,697,102MB,,9698,6377,203
layered-options-o11,//benchmarks/analysis:layered,551,1890,670,103MB,,9698,6377,203
layered-options-o12,//benchmarks/analysis:layered,552,1854,670,102MB,,9698,6377,203
layered-java-o13,//benchmarks/analysis:layered,566,1955,683,102MB,,9698,6377,203
confirm-wide-base-warm,//benchmarks/analysis:wide,634,2638,754,103MB,,11100,3382,203
confirm-wide-final-warm,//benchmarks/analysis:wide,537,1815,658,101MB,,11100,3382,203
confirm-wide-base-2,//benchmarks/analysis:wide,613,2598,731,104MB,,11100,3382,203
confirm-wide-final-3,//benchmarks/analysis:wide,537,1832,657,101MB,,11100,3382,203
confirm-wide-final-4,//benchmarks/analysis:wide,543,1871,659,101MB,,11100,3382,203
confirm-wide-base-5,//benchmarks/analysis:wide,616,2706,734,103MB,,11100,3382,203
confirm-wide-base-6,//benchmarks/analysis:wide,615,2544,735,103MB,,11100,3382,203
confirm-wide-final-7,//benchmarks/analysis:wide,547,1865,665,101MB,,11100,3382,203
confirm-wide-final-8,//benchmarks/analysis:wide,545,1856,661,101MB,,11100,3382,203
confirm-wide-base-9,//benchmarks/analysis:wide,622,2609,739,103MB,,11100,3382,203
confirm-wide-base-10,//benchmarks/analysis:wide,622,2562,754,103MB,,11100,3382,203
confirm-wide-final-11,//benchmarks/analysis:wide,551,1837,675,101MB,,11100,3382,203
confirm-wide-final-12,//benchmarks/analysis:wide,553,1866,668,101MB,,11100,3382,203
confirm-wide-base-13,//benchmarks/analysis:wide,615,2553,733,103MB,,11100,3382,203
confirm-wide-base-14,//benchmarks/analysis:wide,617,2564,736,103MB,,11100,3382,203
confirm-wide-final-15,//benchmarks/analysis:wide,535,1874,654,101MB,,11100,3382,203
confirm-wide-final-16,//benchmarks/analysis:wide,548,1907,665,101MB,,11100,3382,203
confirm-wide-base-17,//benchmarks/analysis:wide,626,2597,742,103MB,,11100,3382,203
confirm-layered-base-warm,//benchmarks/analysis:layered,672,2841,795,105MB,,9698,6377,203
confirm-layered-final-warm,//benchmarks/analysis:layered,568,1907,696,103MB,,9698,6377,203
confirm-layered-base-2,//benchmarks/analysis:layered,654,2714,773,105MB,,9698,6377,203
confirm-layered-final-3,//benchmarks/analysis:layered,575,1902,694,103MB,,9698,6377,203
confirm-layered-final-4,//benchmarks/analysis:layered,573,2141,698,103MB,,9698,6377,203
confirm-layered-base-5,//benchmarks/analysis:layered,669,2778,790,105MB,,9698,6377,203
confirm-layered-base-6,//benchmarks/analysis:layered,662,2776,785,105MB,,9698,6377,203
confirm-layered-final-7,//benchmarks/analysis:layered,571,1909,694,103MB,,9698,6377,203
confirm-layered-final-8,//benchmarks/analysis:layered,589,1945,714,103MB,,9698,6377,203
confirm-layered-base-9,//benchmarks/analysis:layered,667,2760,789,105MB,,9698,6377,203
confirm-layered-base-10,//benchmarks/analysis:layered,675,2870,799,106MB,,9698,6377,203
confirm-layered-final-11,//benchmarks/analysis:layered,574,1910,697,103MB,,9698,6377,203
confirm-layered-final-12,//benchmarks/analysis:layered,572,1970,691,102MB,,9698,6377,203
confirm-layered-base-13,//benchmarks/analysis:layered,657,2764,772,105MB,,9698,6377,203
confirm-layered-base-14,//benchmarks/analysis:layered,660,2745,783,106MB,,9698,6377,203
confirm-layered-final-15,//benchmarks/analysis:layered,571,1995,689,103MB,,9698,6377,203
confirm-layered-final-16,//benchmarks/analysis:layered,564,2005,682,102MB,,9698,6377,203
confirm-layered-base-17,//benchmarks/analysis:layered,664,2812,785,105MB,,9698,6377,203
confirm-repo-base-warm,//src/...,1222,8817,1298,171MB,,87848,9215,352
confirm-repo-final-warm,//src/...,1126,7669,1190,172MB,,87848,9215,352
confirm-repo-base-2,//src/...,1064,7168,1126,172MB,,87848,9215,352
confirm-repo-final-3,//src/...,1131,7627,1195,171MB,,87848,9215,352
confirm-repo-final-4,//src/...,1077,7310,1141,172MB,,87848,9215,352
confirm-repo-base-5,//src/...,1050,7076,1113,171MB,,87848,9215,352
confirm-repo-base-6,//src/...,1082,7307,1147,172MB,,87848,9215,352
confirm-repo-final-7,//src/...,1053,6896,1113,172MB,,87848,9215,352
confirm-repo-final-8,//src/...,1235,7343,1297,171MB,,87848,9215,352
confirm-repo-base-9,//src/...,1064,7086,1126,172MB,,87848,9215,352
confirm-repo-base-10,//src/...,1109,7404,1170,171MB,,87848,9215,352
confirm-repo-final-11,//src/...,1079,7197,1163,171MB,,87848,9215,352
confirm-repo-final-12,//src/...,1105,7166,1174,171MB,,87848,9215,352
confirm-repo-base-13,//src/...,1075,7242,1138,172MB,,87848,9215,352
confirm-repo-base-14,//src/...,1096,7318,1158,171MB,,87848,9215,352
confirm-repo-final-15,//src/...,1090,7175,1152,172MB,,87848,9215,352
confirm-repo-final-16,//src/...,1094,7297,1155,171MB,,87848,9215,352
confirm-repo-base-17,//src/...,1048,6884,1106,172MB,,87848,9215,352
memory-wide-base-0,//benchmarks/analysis:wide,614,3091,854,104MB,104752616,11100,3382,203
memory-wide-final-1,//benchmarks/analysis:wide,539,2372,776,102MB,102733104,11100,3382,203
memory-wide-final-2,//benchmarks/analysis:wide,542,2398,781,102MB,102762960,11100,3382,203
memory-wide-base-3,//benchmarks/analysis:wide,609,3089,844,104MB,104869240,11100,3382,203
memory-wide-base-4,//benchmarks/analysis:wide,614,3200,852,104MB,105113368,11100,3382,203
memory-wide-final-5,//benchmarks/analysis:wide,545,2542,805,102MB,102509792,11100,3382,203
memory-layered-base-0,//benchmarks/analysis:layered,660,3336,901,106MB,106720488,9698,6377,203
memory-layered-final-1,//benchmarks/analysis:layered,576,2565,829,103MB,104013616,9698,6377,203
memory-layered-final-2,//benchmarks/analysis:layered,556,2575,793,104MB,104388888,9698,6377,203
memory-layered-base-3,//benchmarks/analysis:layered,656,3259,892,106MB,106693688,9698,6377,203
memory-layered-base-4,//benchmarks/analysis:layered,658,3294,896,106MB,106580648,9698,6377,203
memory-layered-final-5,//benchmarks/analysis:layered,556,2465,793,103MB,104034760,9698,6377,203
noop-setup-base-0,//src/...,1054,6817,1117,172MB,,87848,9215,352
noop-setup-final-1,//src/...,1121,7788,1199,172MB,,87848,9215,352
noop-setup-final-2,//src/...,1078,7037,1139,172MB,,87848,9215,352
noop-setup-base-3,//src/...,1061,6900,1122,171MB,,87848,9215,352
confirm-repo-final-100,//src/...,1029,6739,1093,171MB,,87848,9215,352
confirm-repo-base-101,//src/...,1016,6603,1076,171MB,,87848,9215,352
confirm-repo-base-102,//src/...,1032,6797,1091,171MB,,87848,9215,352
confirm-repo-final-103,//src/...,996,6496,1058,171MB,,87848,9215,352
confirm-repo-final-104,//src/...,1032,6530,1092,172MB,,87848,9215,352
confirm-repo-base-105,//src/...,1054,6817,1116,172MB,,87848,9215,352
confirm-repo-base-106,//src/...,1025,6461,1085,171MB,,87848,9215,352
confirm-repo-final-107,//src/...,1023,6528,1084,172MB,,87848,9215,352
confirm-repo-final-108,//src/...,1021,6581,1081,171MB,,87848,9215,352
confirm-repo-base-109,//src/...,1036,6594,1099,172MB,,87848,9215,352
confirm-repo-base-110,//src/...,1027,6732,1089,172MB,,87848,9215,352
confirm-repo-final-111,//src/...,1031,6777,1092,171MB,,87848,9215,352
confirm-repo-final-112,//src/...,1044,6838,1102,171MB,,87848,9215,352
confirm-repo-base-113,//src/...,1027,6607,1089,171MB,,87848,9215,352
confirm-repo-base-114,//src/...,1080,6933,1138,171MB,,87848,9215,352
confirm-repo-final-115,//src/...,1006,6592,1067,171MB,,87848,9215,352
confirm-repo-final-116,//src/...,1054,6887,1111,172MB,,87848,9215,352
confirm-repo-base-117,//src/...,1009,6607,1068,171MB,,87848,9215,352
confirm-repo-base-118,//src/...,1057,6864,1116,171MB,,87848,9215,352
confirm-repo-final-119,//src/...,1073,6805,1134,171MB,,87848,9215,352
confirm-repo-final-120,//src/...,1053,6877,1113,171MB,,87848,9215,352
confirm-repo-base-121,//src/...,1039,6888,1098,171MB,,87848,9215,352
confirm-repo-base-122,//src/...,1043,6788,1101,172MB,,87848,9215,352
confirm-repo-final-123,//src/...,1023,6684,1083,172MB,,87848,9215,352
confirm-repo-final-124,//src/...,1064,6632,1124,171MB,,87848,9215,352
confirm-repo-base-125,//src/...,1052,6777,1109,172MB,,87848,9215,352
confirm-repo-base-126,//src/...,1025,6692,1084,171MB,,87848,9215,352
confirm-repo-final-127,//src/...,1070,6924,1130,171MB,,87848,9215,352
confirm-repo-final-128,//src/...,1039,6749,1099,171MB,,87848,9215,352
confirm-repo-base-129,//src/...,1041,6758,1101,171MB,,87848,9215,352
confirm-repo-base-130,//src/...,1045,6873,1104,172MB,,87848,9215,352
confirm-repo-final-131,//src/...,1035,6762,1097,172MB,,87848,9215,352
noop-base-0-0,//src/...,46,673,102,,,0,0,0
noop-base-0-1,//src/...,29,500,83,,,0,0,0
noop-base-0-2,//src/...,3,211,43,,,0,0,0
noop-final-1-0,//src/...,3,181,46,,,0,0,0
noop-final-1-1,//src/...,3,166,41,,,0,0,0
noop-final-1-2,//src/...,3,159,47,,,0,0,0
noop-final-2-0,//src/...,3,154,45,,,0,0,0
noop-final-2-1,//src/...,3,163,41,,,0,0,0
noop-final-2-2,//src/...,3,153,41,,,0,0,0
noop-base-3-0,//src/...,3,184,39,,,0,0,0
noop-base-3-1,//src/...,3,154,42,,,0,0,0
noop-base-3-2,//src/...,3,157,47,,,0,0,0
